{
	"错误1": {
		"规则": "税收优惠金额=所得税优惠金额 ",
		"上勾稽表": {
			"表格编号": "247-2",
			"上勾稽表字段": {
				"字段1": {
					"行号": 1,
					"列号": 2,
					"内容值": 773.82,
					"位置": {
						"x0": 269.93000249999994,
						"y0": 189.26,
						"x1": 350.350495,
						"y1": 209.65999611111113
					}
				}
			}
		},
		"下勾稽表": {
			"表格编号": "247-1",
			"下勾稽表字段": {
				"字段1": {
					"行号": 4,
					"列号": 2,
					"内容值": 772.71,
					"位置": {
						"x0": 278.92200233333335,
						"y0": 535.2699844444445,
						"x1": 355.24378055555553,
						"y1": 555.9785714285712
					}
				}
			}
		},
		"差值": 1.11
	}
}