{
	"错误1": {
		"规则": "营业外支出=对外捐赠+税收滞纳金+赔款支出+固定资产报废损失",
		"表格编号": "280-1",
		"上勾稽表字段": {
			"字段1": {
				"行号": 4,
				"列号": 1,
				"内容值": 10.38,
				"位置": {
					"x0": 196.26671428571424,
					"y0": 309.0500077777777,
					"x1": 281.4671357142858,
					"y1": 329.33000777777767
				}
			}
		},
		"下勾稽表字段": {
			"字段1": {
				"行号": 5,
				"列号": 1,
				"内容值": 10.0,
				"位置": {
					"x0": 196.26671428571424,
					"y0": 329.33000777777767,
					"x1": 281.4671357142858,
					"y1": 349.7299961111111
				}
			},
			"字段2": {
				"行号": 6,
				"列号": 1,
				"内容值": 0.0,
				"位置": {
					"x0": 196.26671428571424,
					"y0": 349.7299961111111,
					"x1": 281.4671357142858,
					"y1": 370.12999611111104
				}
			},
			"字段3": {
				"行号": 7,
				"列号": 1,
				"内容值": 0.0,
				"位置": {
					"x0": 196.26671428571424,
					"y0": 370.12999611111104,
					"x1": 281.4671357142858,
					"y1": 390.40999611111107
				}
			},
			"字段4": {
				"行号": 8,
				"列号": 1,
				"内容值": 0.0,
				"位置": {
					"x0": 196.26671428571424,
					"y0": 390.40999611111107,
					"x1": 281.4671357142858,
					"y1": 410.8095516666667
				}
			}
		},
		"差值": 0.17
	}
}