{
	"错误1": {
		"规则": "租赁负债=租赁负债",
		"勾稽表": {
			"表格编号": "308-1",
			"上勾稽表字段": {
				"字段1": {
					"行号": 2,
					"列号": 3,
					"内容值": 3450.92,
					"位置": {
						"x0": 241.34299999999996,
						"y0": 135.01999576923083,
						"x1": 292.04999333333336,
						"y1": 155.29999576923072
					}
				}
			}
		},
		"关联文本": {
			"字段1": {
				"内容值": "3450.92",
				"位置": {
					"x0": 314.59,
					"y0": 257.702,
					"x1": 383.59,
					"y1": 270.602
				}
			}
		},
		"差值": 0
	},
	"错误2": {
		"规则": "租赁负债=租赁负债",
		"勾稽表": {
			"表格编号": "308-1",
			"上勾稽表字段": {
				"字段1": {
					"行号": 2,
					"列号": 1,
					"内容值": 3330.74,
					"位置": {
						"x0": 139.9137777777778,
						"y0": 135.01999576923083,
						"x1": 196.4095033333333,
						"y1": 155.29999576923072
					}
				}
			}
		},
		"关联文本": {
			"字段1": {
				"内容值": "3330.74",
				"位置": {
					"x0": 394.87,
					"y0": 257.702,
					"x1": 470.38,
					"y1": 269.702
				}
			}
		},
		"差值": 0
	}
}